2026-06-24T05:43:16Z,chain_placeholder,7214823.polaris-pbs-01.hsn.cm.polaris.alcf.anl.gov,trial_1,7214896.polaris-pbs-01.hsn.cm.polaris.alcf.anl.gov
2026-06-24T05:59:32Z,chain_placeholder,7214896.polaris-pbs-01.hsn.cm.polaris.alcf.anl.gov,trial_2,7214911.polaris-pbs-01.hsn.cm.polaris.alcf.anl.gov
2026-06-24T06:38:51Z,chain_placeholder,7214911.polaris-pbs-01.hsn.cm.polaris.alcf.anl.gov,trial_3,7214952.polaris-pbs-01.hsn.cm.polaris.alcf.anl.gov
2026-06-24T06:53:35Z,chain_placeholder,7214952.polaris-pbs-01.hsn.cm.polaris.alcf.anl.gov,trial_4,7214969.polaris-pbs-01.hsn.cm.polaris.alcf.anl.gov
2026-06-24T06:56:09Z,chain_placeholder,7214969.polaris-pbs-01.hsn.cm.polaris.alcf.anl.gov,trial_5,7214972.polaris-pbs-01.hsn.cm.polaris.alcf.anl.gov
2026-06-24T07:02:31Z,chain_placeholder,7214972.polaris-pbs-01.hsn.cm.polaris.alcf.anl.gov,trial_6,7214981.polaris-pbs-01.hsn.cm.polaris.alcf.anl.gov
2026-06-24T07:12:20Z,chain_placeholder,7214981.polaris-pbs-01.hsn.cm.polaris.alcf.anl.gov,trial_7,7214989.polaris-pbs-01.hsn.cm.polaris.alcf.anl.gov
2026-06-24T07:50:52Z,chain_placeholder,7214989.polaris-pbs-01.hsn.cm.polaris.alcf.anl.gov,trial_8,7215049.polaris-pbs-01.hsn.cm.polaris.alcf.anl.gov
2026-06-24T08:10:54Z,chain_placeholder,7215049.polaris-pbs-01.hsn.cm.polaris.alcf.anl.gov,trial_9,7215076.polaris-pbs-01.hsn.cm.polaris.alcf.anl.gov
2026-06-24T08:14:45Z,chain_placeholder,7215076.polaris-pbs-01.hsn.cm.polaris.alcf.anl.gov,trial_10,7215084.polaris-pbs-01.hsn.cm.polaris.alcf.anl.gov
2026-06-24T08:24:40Z,chain_placeholder,7215084.polaris-pbs-01.hsn.cm.polaris.alcf.anl.gov,trial_11,7215104.polaris-pbs-01.hsn.cm.polaris.alcf.anl.gov
2026-06-24T08:44:46Z,chain_placeholder,7215104.polaris-pbs-01.hsn.cm.polaris.alcf.anl.gov,trial_12,7215131.polaris-pbs-01.hsn.cm.polaris.alcf.anl.gov
2026-06-24T08:56:18Z,chain_placeholder,7215131.polaris-pbs-01.hsn.cm.polaris.alcf.anl.gov,trial_13,7215146.polaris-pbs-01.hsn.cm.polaris.alcf.anl.gov
2026-06-24T09:24:12Z,chain_placeholder,7215146.polaris-pbs-01.hsn.cm.polaris.alcf.anl.gov,trial_14,7215172.polaris-pbs-01.hsn.cm.polaris.alcf.anl.gov
2026-06-24T09:41:29Z,chain_placeholder,7215172.polaris-pbs-01.hsn.cm.polaris.alcf.anl.gov,trial_15,7215184.polaris-pbs-01.hsn.cm.polaris.alcf.anl.gov
2026-06-24T09:55:20Z,chain_placeholder,7215184.polaris-pbs-01.hsn.cm.polaris.alcf.anl.gov,trial_16,7215195.polaris-pbs-01.hsn.cm.polaris.alcf.anl.gov
2026-06-24T10:18:38Z,chain_placeholder,7215195.polaris-pbs-01.hsn.cm.polaris.alcf.anl.gov,trial_17,7215211.polaris-pbs-01.hsn.cm.polaris.alcf.anl.gov
2026-06-24T10:30:56Z,chain_placeholder,7215211.polaris-pbs-01.hsn.cm.polaris.alcf.anl.gov,trial_18,7215221.polaris-pbs-01.hsn.cm.polaris.alcf.anl.gov
2026-06-24T10:55:36Z,chain_placeholder,7215221.polaris-pbs-01.hsn.cm.polaris.alcf.anl.gov,trial_19,7215249.polaris-pbs-01.hsn.cm.polaris.alcf.anl.gov
2026-06-24T11:11:09Z,chain_placeholder,7215249.polaris-pbs-01.hsn.cm.polaris.alcf.anl.gov,trial_20,7215271.polaris-pbs-01.hsn.cm.polaris.alcf.anl.gov
2026-06-24T11:21:33Z,chain_placeholder,7215271.polaris-pbs-01.hsn.cm.polaris.alcf.anl.gov,trial_21,7215280.polaris-pbs-01.hsn.cm.polaris.alcf.anl.gov
2026-06-24T11:34:26Z,chain_placeholder,7215280.polaris-pbs-01.hsn.cm.polaris.alcf.anl.gov,trial_22,7215294.polaris-pbs-01.hsn.cm.polaris.alcf.anl.gov
2026-06-24T11:36:09Z,chain_placeholder,7215294.polaris-pbs-01.hsn.cm.polaris.alcf.anl.gov,trial_23,7215297.polaris-pbs-01.hsn.cm.polaris.alcf.anl.gov
2026-06-24T11:44:06Z,chain_placeholder,7215297.polaris-pbs-01.hsn.cm.polaris.alcf.anl.gov,trial_24,7215303.polaris-pbs-01.hsn.cm.polaris.alcf.anl.gov
2026-06-24T11:46:40Z,chain_placeholder,7215303.polaris-pbs-01.hsn.cm.polaris.alcf.anl.gov,trial_25,7215306.polaris-pbs-01.hsn.cm.polaris.alcf.anl.gov
2026-06-24T12:19:41Z,chain_placeholder,7215306.polaris-pbs-01.hsn.cm.polaris.alcf.anl.gov,trial_26,7215333.polaris-pbs-01.hsn.cm.polaris.alcf.anl.gov
2026-06-24T12:51:06Z,chain_placeholder,7215333.polaris-pbs-01.hsn.cm.polaris.alcf.anl.gov,trial_27,7215364.polaris-pbs-01.hsn.cm.polaris.alcf.anl.gov
2026-06-24T13:08:32Z,chain_placeholder,7215364.polaris-pbs-01.hsn.cm.polaris.alcf.anl.gov,trial_28,7215381.polaris-pbs-01.hsn.cm.polaris.alcf.anl.gov
2026-06-24T13:18:39Z,chain_placeholder,7215381.polaris-pbs-01.hsn.cm.polaris.alcf.anl.gov,trial_29,7215390.polaris-pbs-01.hsn.cm.polaris.alcf.anl.gov
2026-06-24T13:30:10Z,chain_placeholder,7215390.polaris-pbs-01.hsn.cm.polaris.alcf.anl.gov,trial_30,7215418.polaris-pbs-01.hsn.cm.polaris.alcf.anl.gov
2026-06-24T13:31:36Z,chain_placeholder,7215418.polaris-pbs-01.hsn.cm.polaris.alcf.anl.gov,trial_31,7215420.polaris-pbs-01.hsn.cm.polaris.alcf.anl.gov
2026-06-24T13:44:25Z,chain_placeholder,7215420.polaris-pbs-01.hsn.cm.polaris.alcf.anl.gov,trial_32,7215438.polaris-pbs-01.hsn.cm.polaris.alcf.anl.gov
2026-06-24T13:57:51Z,chain_placeholder,7215438.polaris-pbs-01.hsn.cm.polaris.alcf.anl.gov,trial_33,7215457.polaris-pbs-01.hsn.cm.polaris.alcf.anl.gov
2026-06-24T14:07:45Z,chain_placeholder,7215457.polaris-pbs-01.hsn.cm.polaris.alcf.anl.gov,trial_34,7215471.polaris-pbs-01.hsn.cm.polaris.alcf.anl.gov
2026-06-24T14:23:07Z,chain_placeholder,7215471.polaris-pbs-01.hsn.cm.polaris.alcf.anl.gov,trial_35,7215507.polaris-pbs-01.hsn.cm.polaris.alcf.anl.gov
2026-06-24T15:22:55Z,chain_placeholder,7215507.polaris-pbs-01.hsn.cm.polaris.alcf.anl.gov,trial_36,7215611.polaris-pbs-01.hsn.cm.polaris.alcf.anl.gov
2026-06-24T15:35:11Z,chain_placeholder,7215611.polaris-pbs-01.hsn.cm.polaris.alcf.anl.gov,trial_37,7215623.polaris-pbs-01.hsn.cm.polaris.alcf.anl.gov
2026-06-24T16:01:16Z,chain_placeholder,7215623.polaris-pbs-01.hsn.cm.polaris.alcf.anl.gov,trial_38,7215666.polaris-pbs-01.hsn.cm.polaris.alcf.anl.gov
2026-06-24T16:27:05Z,chain_placeholder,7215666.polaris-pbs-01.hsn.cm.polaris.alcf.anl.gov,trial_39,7215710.polaris-pbs-01.hsn.cm.polaris.alcf.anl.gov
2026-06-24T16:54:48Z,chain_placeholder,7215710.polaris-pbs-01.hsn.cm.polaris.alcf.anl.gov,trial_40,7215753.polaris-pbs-01.hsn.cm.polaris.alcf.anl.gov
2026-06-24T17:17:09Z,chain_placeholder,7215753.polaris-pbs-01.hsn.cm.polaris.alcf.anl.gov,trial_41,7215788.polaris-pbs-01.hsn.cm.polaris.alcf.anl.gov
2026-06-24T17:34:08Z,chain_placeholder,7215788.polaris-pbs-01.hsn.cm.polaris.alcf.anl.gov,trial_42,7215820.polaris-pbs-01.hsn.cm.polaris.alcf.anl.gov
2026-06-24T17:57:13Z,chain_placeholder,7215820.polaris-pbs-01.hsn.cm.polaris.alcf.anl.gov,trial_43,7215872.polaris-pbs-01.hsn.cm.polaris.alcf.anl.gov
2026-06-24T18:35:45Z,chain_placeholder,7215872.polaris-pbs-01.hsn.cm.polaris.alcf.anl.gov,trial_44,7215932.polaris-pbs-01.hsn.cm.polaris.alcf.anl.gov
2026-06-24T18:52:44Z,chain_placeholder,7215932.polaris-pbs-01.hsn.cm.polaris.alcf.anl.gov,trial_45,7215958.polaris-pbs-01.hsn.cm.polaris.alcf.anl.gov
2026-06-24T19:29:39Z,chain_placeholder,7215958.polaris-pbs-01.hsn.cm.polaris.alcf.anl.gov,trial_46,7216042.polaris-pbs-01.hsn.cm.polaris.alcf.anl.gov
2026-06-24T19:50:39Z,chain_placeholder,7216042.polaris-pbs-01.hsn.cm.polaris.alcf.anl.gov,trial_47,7216084.polaris-pbs-01.hsn.cm.polaris.alcf.anl.gov
2026-06-24T20:08:14Z,chain_placeholder,7216084.polaris-pbs-01.hsn.cm.polaris.alcf.anl.gov,trial_48,7216117.polaris-pbs-01.hsn.cm.polaris.alcf.anl.gov
2026-06-24T21:04:11Z,chain_placeholder,7216117.polaris-pbs-01.hsn.cm.polaris.alcf.anl.gov,trial_49,7216223.polaris-pbs-01.hsn.cm.polaris.alcf.anl.gov
